hello,hello2
123,12345
meme file,13:15
another name,14:33
meme file,13:15
another name,14:33
meme file,13:15
another name,14:33
meme file,13:15
another name,14:33
meme file,13:15
another name,14:33
/home/amv/Workspace/TimesheetLogger/script.py,12:31:25
/home/amv/Workspace/TimesheetLogger/script.py,12:31:25
/home/amv/Workspace/TimesheetLogger/script.py,12:31:25
/home/amv/Workspace/TimesheetLogger/script.py,12:31:25
/home/amv/Workspace/TimesheetLogger/script.py,12:31:25
/home/amv/Workspace/TimesheetLogger/script.py,12:31:25
/home/amv/Workspace/TimesheetLogger/script.py,12:31:25
/home/amv/Workspace/TimesheetLogger/script.py,12:31:25
/home/amv/Workspace/TimesheetLogger/script.py,12:31:25
/home/amv/Workspace/TimesheetLogger/script.py,12:31:25
/home/amv/Workspace/TimesheetLogger/script.py,12:32:13
/home/amv/Workspace/TimesheetLogger/script.py,12:42:33
/home/amv/Workspace/TimesheetLogger/script.py,12:42:38
/home/amv/Workspace/TimesheetLogger/script.py,12:42:43
/home/amv/Workspace/TimesheetLogger/script.py,12:42:48
/home/amv/Workspace/TimesheetLogger/script.py,12:42:53
/home/amv/Workspace/TimesheetLogger/script.py,12:42:58
/home/amv/Workspace/TimesheetLogger/script.py,12:43:3
/home/amv/Workspace/TimesheetLogger/script.py,12:43:8
/home/amv/Workspace/TimesheetLogger/script.py,12:43:13
/home/amv/Workspace/TimesheetLogger/script.py,12:43:18
/home/amv/Workspace/TimesheetLogger/script.py,12:43:23
/home/amv/Workspace/TimesheetLogger/script.py,12:43:28
/home/amv/Workspace/TimesheetLogger/script.py,12:43:33
/home/amv/Workspace/TimesheetLogger/script.py,12:43:38
/home/amv/Workspace/TimesheetLogger/script.py,12:43:43
/home/amv/Workspace/TimesheetLogger/script.py,12:43:48
/home/amv/Workspace/TimesheetLogger/script.py,12:43:53
/home/amv/Workspace/TimesheetLogger/script.py,12:43:58
/home/amv/Workspace/TimesheetLogger/script.py,12:44:3
/home/amv/Workspace/TimesheetLogger/script.py,12:44:8
/home/amv/Workspace/TimesheetLogger/script.py,12:44:13
/home/amv/Workspace/TimesheetLogger/script.py,12:44:18
